V1,V8,V9,V10,Enter Embedded Data Field Name Here...,uid,Q1,Q2_1,Q3_1,Q4_1,Q5,Q6_1,Q7_1,Q8_1,Q9_1,Q10_1,Q11_1,Q12_1,Q13_1
ResponseID,StartDate,EndDate,Finished,Enter Embedded Data Field Name Here...,uid,Please indicate the extent to which you plan to take the following actions in the following week. ,How often will you snack in the following week?-Frequency,How often will you check the per-serving calories in the nutrition label when you go food shoppin...-Frequecy,"How often will per-serving calories matter more than flavor/taste, portion, price, etc. when choo...-Frequecy",Please indicate how much you agree or disagree with the following statements. ,It is likely that my usual shopping list of (food) items will change to include healthier items i...-Degree,It is likely that I would think twice about what I purchase and consume at work (school etc.) for...-Degree,Snack foods are generally less healthy foods. -Degree,Increased snacking by the population in general is a major contributor to the current increase in...-Degree,I avoid eating snack foods because I think they are unhealthy.-Degree,I depend a lot on snack foods because I have a busy lifestyle and don't have time to prepare meals. -Degree,Some snack foods are healthy but these are not tasty.-Degree,"Given my current snacking habit, my risk for developing type 2 diabetes is relatively low. -Degree"
R_3CQwzuWR9jBjoms,2016-02-16 16:47,2016-02-16 16:48,1,hFMehFgYKLkcpyuQ9,hFMehFgYKLkcpyuQ9,1,4,3,3,1,2,2,3,3,4,3,2,4
R_ux1zZWvogb6IlGN,2016-02-16 23:43,2016-02-16 23:44,1,bvQKD5bRjLyvwCpPy,bvQKD5bRjLyvwCpPy,1,4,5,3,1,3,3,2,2,3,5,2,3
R_31affGxObEhtflG,2016-02-17 11:10,2016-02-17 11:11,1,nTjB9cbr4ip2uXa8g,nTjB9cbr4ip2uXa8g,1,4,3,2,1,4,3,4,3,4,2,4,2
R_1gCoIR2yNddxZEL,2016-02-17 16:43,2016-02-17 16:45,1,nXMXFzpgTi4qgwWK6,nXMXFzpgTi4qgwWK6,1,3,3,3,1,3,2,1,1,2,2,2,2
R_paVsHssJBpotDTH,2016-02-17 19:28,2016-02-17 19:39,1,8rkTWSowd8QnKYkrE,8rkTWSowd8QnKYkrE,1,5,2,2,1,2,2,1,1,4,4,2,4
R_1pxqUjyzsFKTbeH,2016-02-18 0:14,2016-02-18 0:15,1,iw4jvD5va5fnWukXC,iw4jvD5va5fnWukXC,1,3,2,2,1,3,3,2,2,2,4,2,3
R_38F8WHjCpC6iwHH,2016-02-19 14:01,2016-02-19 14:02,1,peZip3nZ25pQ4ism4,peZip3nZ25pQ4ism4,1,2,5,5,1,2,2,2,1,4,4,4,2
R_1KqlLoxL4FPfOw6,2016-02-19 15:05,2016-02-19 15:06,1,Yq2tfTdFxrtJJrtiK,Yq2tfTdFxrtJJrtiK,1,1,5,5,1,1,1,1,1,3,5,3,5
R_4MAMPOYKH4iICQx,2016-02-20 10:02,2016-02-20 10:04,1,2EaSSMTDRTavgzxWY,2EaSSMTDRTavgzxWY,1,3,3,3,1,3,2,3,2,2,4,2,2
R_1ffjhN3qioE3RLg,2016-02-21 10:25,2016-02-21 10:25,1,A8Cj2fKdNtZJqYLwh,A8Cj2fKdNtZJqYLwh,1,2,3,3,1,2,2,1,1,1,5,3,1
R_3NydYN7j1Ol8vuV,2016-02-21 11:27,2016-02-21 11:28,1,Go273GW8uicZrCdSD,Go273GW8uicZrCdSD,1,5,5,4,1,3,2,2,1,3,2,3,2
R_2cklStmeLy5kUpF,2016-02-21 12:17,2016-02-21 12:18,1,i8NjyEXvuMDxg5nGL,i8NjyEXvuMDxg5nGL,1,4,5,4,1,4,2,3,3,3,3,3,2
R_1LZQEAaGQbNV1G6,2016-02-21 17:05,2016-02-21 17:06,1,DW37WiLZena9WDYfN,DW37WiLZena9WDYfN,1,4,1,2,1,4,4,5,4,4,4,5,2
R_2cu25E5sbS6kC1B,2016-02-21 17:45,2016-02-21 17:45,1,c7KXKPxqoFftvbiRo,c7KXKPxqoFftvbiRo,1,2,1,1,1,4,4,4,4,3,4,2,2
R_1HcUvx14zgHn8Gh,2016-02-21 18:54,2016-02-21 18:55,1,F3ZWcZX7ARkhPJmRW,F3ZWcZX7ARkhPJmRW,1,3,5,5,1,1,1,2,1,2,4,4,2
R_2QW1QRN4pBLE8aF,2016-02-21 23:36,2016-02-21 23:37,1,79cjqjh3rhGT85Z35,79cjqjh3rhGT85Z35,1,3,4,5,1,2,2,2,1,1,4,4,1
R_3Hvqlz8BDEfO1CB,2016-02-22 10:36,2016-02-22 10:37,1,iNRN7ctrXkwmZQSxt,iNRN7ctrXkwmZQSxt,1,3,4,3,1,2,2,2,2,2,4,4,2
R_27WK16eC6y8P82f,2016-02-22 14:17,2016-02-22 14:17,1,ufYSbrs2puEYHomhr,ufYSbrs2puEYHomhr,1,5,3,2,1,4,4,4,3,5,1,3,3
R_3DkfiaXWLPWvc9Q,2016-02-22 20:57,2016-02-22 20:58,1,Wxu8k7df9yj4j6573,Wxu8k7df9yj4j6573,1,3,4,4,1,2,1,1,1,1,5,3,2
R_T5TsP6VKw52kcpP,2016-02-22 23:50,2016-02-22 23:51,1,EsvySo9AtybDSYAs8,EsvySo9AtybDSYAs8,1,3,5,3,1,3,2,3,2,2,2,3,2
R_1IZrbpG1dXpExNR,2016-02-24 4:55,2016-02-24 4:56,1,nyhJYddWvp3BB3QQw,nyhJYddWvp3BB3QQw,1,2,4,5,1,4,2,2,2,2,3,3,1
R_3EoHAN8IjUhx5mE,2016-02-24 18:30,2016-02-24 18:32,1,qBC3M3KQn9vNCcPqE,qBC3M3KQn9vNCcPqE,1,5,5,5,1,1,1,2,2,4,2,4,5
R_uqWvFcsIU7li05X,2016-02-29 8:55,2016-02-29 8:56,1,no24mX6RndnhrbK2G,no24mX6RndnhrbK2G,1,3,4,4,1,3,4,2,2,3,2,2,2
R_10PDNboATNVu89R,2016-02-29 10:10,2016-02-29 10:11,1,MrGZ6mh63fudmqYDf,MrGZ6mh63fudmqYDf,1,5,3,3,1,2,2,1,1,3,2,2,1
R_2Bt9q6GexviyIXD,2016-02-29 10:43,2016-02-29 10:44,1,CLtNCJghz2jZqxeK9,CLtNCJghz2jZqxeK9,1,3,2,2,1,3,4,2,2,4,2,2,2
R_2s5AhsTSnvS0Xiy,2016-02-29 10:50,2016-02-29 10:52,1,YiHmJ4qLbxiwyjMFd,YiHmJ4qLbxiwyjMFd,1,2,5,5,1,2,2,2,2,2,2,4,4
R_pATRbj1PihJnNzr,2016-02-29 11:31,2016-02-29 11:32,1,B2ZCZF78M52DaYdRe,B2ZCZF78M52DaYdRe,1,2,5,5,1,2,1,1,1,1,1,3,3
R_3dY7RKsFkrGrGR2,2016-02-29 15:16,2016-02-29 15:19,1,yZoeMgzGtaMeqaFnP,yZoeMgzGtaMeqaFnP,1,3,5,4,1,3,2,3,2,3,4,4,2
R_A7r0YnaxKMnVlhT,2016-02-29 22:14,2016-02-29 22:15,1,YGJd65DmqYzQazNgB,YGJd65DmqYzQazNgB,1,4,3,3,1,2,2,1,2,5,3,1,4
R_1FeTwJ4t111QpE2,2016-02-29 23:00,2016-02-29 23:01,1,AwhQeCLDxEyvjTy3X,AwhQeCLDxEyvjTy3X,1,3,2,3,1,2,2,4,2,4,4,4,2
R_ZskbLAjTL2wbJoB,2016-03-01 13:38,2016-03-01 13:39,1,Lcmknpky6pFHN3tQu,Lcmknpky6pFHN3tQu,1,3,2,3,1,2,2,2,2,2,3,2,2
R_1Qoq2l9KBFUlCZi,2016-03-01 21:30,2016-03-01 21:31,1,Bpj4sGSnkFdkCCxNf,Bpj4sGSnkFdkCCxNf,1,3,4,3,1,2,2,2,3,3,3,2,4
R_Ubb7S3bjEtkcW6R,2016-03-01 23:05,2016-03-01 23:06,1,YM8venxunpNq9B2xq,YM8venxunpNq9B2xq,1,5,1,1,1,4,4,3,2,4,3,3,3
R_1CmyDNnwtLRuVCk,2016-03-02 10:07,2016-03-02 10:08,1,LpifnQpyoAC96S573,LpifnQpyoAC96S573,1,3,5,5,1,3,2,2,2,3,5,5,2
R_BSwqSlkCVwPhViF,2016-03-02 10:25,2016-03-02 10:26,1,2HF6FqEczphrX2Bid,2HF6FqEczphrX2Bid,1,3,4,3,1,2,2,3,2,3,2,2,4
R_DMEhT33V3rTHn45,2016-03-02 10:33,2016-03-02 10:34,1,pnco6QuR9SNdHu77x,pnco6QuR9SNdHu77x,1,4,2,2,1,3,2,2,2,4,5,2,4
R_9Y4AYKPXTTdkGNX,2016-03-02 18:27,2016-03-02 18:28,1,AqpMTK8pfa3ZDgCnX,AqpMTK8pfa3ZDgCnX,1,3,3,3,1,3,3,2,2,3,4,3,2
R_3KQ0zbT23fG4LKw,2016-03-03 5:56,2016-03-03 5:57,1,RMo96PZASrs7J7ShD,RMo96PZASrs7J7ShD,1,3,2,2,1,3,2,3,3,4,4,4,2
R_28Mx2cXhbNfgQT9,2016-03-03 12:47,2016-03-03 12:48,1,PqWLTxemD9c69esfF,PqWLTxemD9c69esfF,1,3,5,4,1,3,1,2,2,2,5,4,1
R_3kKRc5HAdYGmnSm,2016-03-03 13:34,2016-03-03 13:35,1,8AFCu9YsQmR2WDkrk,8AFCu9YsQmR2WDkrk,1,2,5,5,1,2,2,1,1,2,2,4,2
R_xyjBUbitKoCwpPP,2016-03-05 6:29,2016-03-05 6:29,1,ppT2KoixinaKc9zLD,ppT2KoixinaKc9zLD,1,4,1,1,1,2,2,2,2,2,2,2,2
R_2B4grpEvHZgmQ2s,2016-03-05 23:51,2016-03-05 23:53,1,zr6MbzW9igA4q3Bpk,zr6MbzW9igA4q3Bpk,1,3,4,3,1,1,1,2,1,2,2,3,1
R_2QmqWTxSZtdMYTC,2016-03-06 3:59,2016-03-06 3:59,1,XCDm5KKWWLKo82ig8,XCDm5KKWWLKo82ig8,1,2,3,2,1,3,3,4,3,3,4,3,4
R_3DkIQ99fqPYf1MT,2016-03-06 4:50,2016-03-06 4:51,1,5FeAYE9ht2bBCK8Lk,5FeAYE9ht2bBCK8Lk,1,3,3,3,1,2,2,2,2,2,3,4,2
R_2rBItTQ0I9Gar3H,2016-03-06 5:16,2016-03-06 5:17,1,K3ZMCWFyEZDHrTyJs,K3ZMCWFyEZDHrTyJs,1,3,3,2,1,3,3,3,3,4,4,3,2
R_2wR1awYImefO7Nk,2016-03-06 17:59,2016-03-06 17:59,1,NLM74X7BawyDFny4v,NLM74X7BawyDFny4v,1,3,4,2,1,3,3,3,3,4,2,3,2
R_1dLZzgui99tuLae,2016-03-06 19:08,2016-03-06 19:09,1,zBGtTaoT9NXXoiDCo,zBGtTaoT9NXXoiDCo,1,3,3,3,1,3,3,3,2,2,3,2,4
R_269XO6jSIPx7ulw,2016-03-06 23:09,2016-03-06 23:10,1,trErkp8jGhzNAdEsC,trErkp8jGhzNAdEsC,1,3,5,5,1,1,1,2,2,3,2,3,4
R_8q8o4hJUuqoeGqd,2016-03-07 9:42,2016-03-07 9:43,1,5TdrRvXeviEEB2782,5TdrRvXeviEEB2782,1,3,4,3,1,3,2,2,2,2,4,4,2
R_zcYYNChfbea1TKV,2016-03-07 10:34,2016-03-07 10:35,1,fQW4FvoD7YJtY65Xj,fQW4FvoD7YJtY65Xj,1,2,5,5,1,1,1,2,2,2,5,4,1
R_eQ0EtWsiplaktC9,2016-03-07 11:21,2016-03-07 11:22,1,kzsfFDBTiA8Hm5zG8,kzsfFDBTiA8Hm5zG8,1,3,4,5,1,2,2,2,1,2,2,2,1
R_1Edt1FvxcZmaqId,2016-03-07 11:32,2016-03-07 11:33,1,J2cummHqPe6hMCzQa,J2cummHqPe6hMCzQa,1,4,5,5,1,3,3,3,3,3,1,3,3
R_1qaLcCb7RraiEP6,2016-03-07 13:34,2016-03-07 13:35,1,oD7a6GFkarvp84PRt,oD7a6GFkarvp84PRt,1,2,4,4,1,2,2,2,2,2,4,4,2
R_riEY9js0gKOp6M1,2016-03-07 14:08,2016-03-07 14:09,1,HzyJf3ecpepyFffL9,HzyJf3ecpepyFffL9,1,3,3,3,1,2,2,2,3,3,2,4,5
R_3Em6bUoySRcNs61,2016-03-07 19:26,2016-03-07 19:27,1,ozofPi8aj5tyaT4eg,ozofPi8aj5tyaT4eg,1,3,3,3,1,3,2,5,1,5,2,5,1
R_2rqkGWrCnQkdQBT,2016-03-08 0:27,2016-03-08 0:28,1,gouSf322Wfbff39Ry,gouSf322Wfbff39Ry,1,1,5,5,1,2,2,2,2,2,4,3,2
R_3mfarYSx6ifDz4O,2016-03-08 1:37,2016-03-08 1:38,1,rzgwdpdiJDSxYGZnA,rzgwdpdiJDSxYGZnA,1,2,4,4,1,2,2,2,2,2,3,2,2
R_xf4dgCqcPqWronn,2016-03-08 10:00,2016-03-08 10:01,1,J4zEKsDmhBZRemQxx,J4zEKsDmhBZRemQxx,1,3,5,5,1,1,1,4,2,4,5,4,2
R_SVMAktCdxE66mVX,2016-03-08 11:57,2016-03-08 11:59,1,nxAYw9WDEpZEActyW,nxAYw9WDEpZEActyW,1,2,2,2,1,5,4,4,4,5,4,4,5
R_3O8PbIivBOkpBbO,2016-03-08 19:06,2016-03-08 19:07,1,7pCqtPS3WupS8an42,7pCqtPS3WupS8an42,1,3,4,3,1,2,2,2,2,2,3,4,2
R_bvX4taE9vf5eUdb,2016-03-08 23:11,2016-03-08 23:12,1,wZbv3M3dFcDzAi36e,wZbv3M3dFcDzAi36e,1,3,5,3,1,4,2,2,2,2,4,2,2
R_3LehpFKxE1DHxhT,2016-03-09 6:00,2016-03-09 6:01,1,XEFQSfMA4Np9cuPw7,XEFQSfMA4Np9cuPw7,1,2,2,2,1,4,4,4,1,4,4,4,3
R_3hgpJtel2tJwgV1,2016-03-09 9:38,2016-03-09 9:39,1,z5RvEc5BoDxBiH3iy,z5RvEc5BoDxBiH3iy,1,5,5,4,1,2,2,4,2,4,2,4,2
R_28MuJWmS2vqBobt,2016-03-09 9:55,2016-03-09 9:57,1,qXjSPCjisfJ95eEvt,qXjSPCjisfJ95eEvt,1,4,1,1,1,4,4,2,2,4,2,2,2
R_1FlhD01a7TuSyMp,2016-03-09 10:08,2016-03-09 10:09,1,zHSLFZ2ThvDD5HYzx,zHSLFZ2ThvDD5HYzx,1,3,5,4,1,2,2,2,2,3,1,4,2
R_1LbAMGmD0InJZhR,2016-03-09 10:14,2016-03-09 10:15,1,KhryLZQ5TvoZre7Wq,KhryLZQ5TvoZre7Wq,1,3,3,4,1,2,2,2,1,4,2,2,5
R_Um8p45WIXcesVxL,2016-03-09 10:24,2016-03-09 10:25,1,SPtAAc7NJbzx6HGnv,SPtAAc7NJbzx6HGnv,1,3,5,5,1,3,2,3,3,4,3,5,1
R_3Gy5fj8POHhPgj2,2016-03-09 10:25,2016-03-09 10:26,1,BynvkWSwo2taRoXrX,BynvkWSwo2taRoXrX,1,3,3,3,1,4,4,4,2,5,4,4,2
R_25NoHKigIwubMsm,2016-03-09 11:20,2016-03-09 11:22,1,WWN5DFC5NTCBf5mzm,WWN5DFC5NTCBf5mzm,1,2,5,5,1,1,1,2,1,1,5,2,2
R_2wAcYCtdUBQfyzp,2016-03-09 11:46,2016-03-09 11:46,1,cLfpHqBMQyBqJmqZN,cLfpHqBMQyBqJmqZN,1,3,5,4,1,2,2,1,2,2,4,2,3
R_AEvGZw0ptKSlCoN,2016-03-09 11:53,2016-03-09 11:54,1,ANpFmJSXtcMZLsKb7,ANpFmJSXtcMZLsKb7,1,3,4,3,1,2,2,3,2,2,4,3,2
R_2bg8SGM9avEJVC1,2016-03-09 12:37,2016-03-09 12:38,1,XXfq2mbXgiwoevAzb,XXfq2mbXgiwoevAzb,1,5,5,5,1,2,2,2,3,2,1,2,2
R_3PHPDVcL2hb3Ufb,2016-03-09 12:45,2016-03-09 12:45,1,CpCwPvRPuXbcP6cz2,CpCwPvRPuXbcP6cz2,1,2,3,3,1,2,3,2,2,3,2,3,4
R_2brYMqWciZlt3oJ,2016-03-09 12:56,2016-03-09 12:57,1,kErKZoNcgLDEQLh9h,kErKZoNcgLDEQLh9h,1,3,3,3,1,2,2,4,3,4,2,4,3
R_u7G8KerOgdFWRP3,2016-03-09 17:04,2016-03-09 17:05,1,RiaXcXZD8EMe3D675,RiaXcXZD8EMe3D675,1,2,2,3,1,5,5,1,2,2,5,2,1
R_2s32v5iImIB1gw9,2016-03-09 17:37,2016-03-09 17:38,1,4KFh6N3nNwuJAz9bM,4KFh6N3nNwuJAz9bM,1,4,5,3,1,4,4,4,4,4,5,5,2
R_1DFOQ81JUrg6SVs,2016-03-09 18:31,2016-03-09 18:31,1,Zni6Soax4z3GW8Df2,Zni6Soax4z3GW8Df2,1,5,2,2,1,4,4,2,2,4,2,2,3
R_24BgicFFLfMxDHa,2016-03-09 21:20,2016-03-09 21:21,1,RRGteZxa2sZLjy7tF,RRGteZxa2sZLjy7tF,1,3,4,3,1,2,2,2,2,3,2,3,3
R_1IQ8XXvmqp4c9e3,2016-03-09 22:06,2016-03-09 22:08,1,eBK9ZbEMsYZr4qvN5,eBK9ZbEMsYZr4qvN5,1,3,4,3,1,3,3,3,3,3,5,4,3
R_2fcHnwTnaPDXOe4,2016-03-09 22:58,2016-03-09 22:59,1,GBR5Ti7uHcvswPGew,GBR5Ti7uHcvswPGew,1,2,5,5,1,1,1,2,1,2,5,4,2
R_3flqMb7S38AebDx,2016-03-10 0:21,2016-03-10 0:22,1,wLGnCDxPy8oExZXAx,wLGnCDxPy8oExZXAx,1,4,5,5,1,1,1,3,2,4,4,4,2
R_1I4AJf93SUQFLeD,2016-03-10 10:32,2016-03-10 10:33,1,u469QjCESYfQpGHJC,u469QjCESYfQpGHJC,1,2,2,3,1,2,2,1,1,1,1,2,1
R_Q5PoDU1n9ort1fz,2016-03-10 10:42,2016-03-10 10:43,1,KM8aPtzLYKjy9Wd6r,KM8aPtzLYKjy9Wd6r,1,4,3,3,1,3,2,3,2,4,2,4,3
R_Xz99qIYWTL7mXAd,2016-03-10 13:28,2016-03-10 13:29,1,n57DFjukqiJmSHEDQ,n57DFjukqiJmSHEDQ,1,2,3,2,1,2,2,2,1,2,5,3,1
R_27fEuuCxl502xgS,2016-03-10 15:37,2016-03-10 15:37,1,yqvi6AycizdfMW67J,yqvi6AycizdfMW67J,1,3,3,3,1,3,3,3,3,3,3,3,3
R_2cqEBhxWQMGOfvC,2016-03-10 20:16,2016-03-10 20:17,1,9ywHQR3mBPMwFxoz9,9ywHQR3mBPMwFxoz9,1,3,4,4,1,2,2,2,2,2,4,2,1
R_4TM7sRl2IOpMm8V,2016-03-10 23:45,2016-03-10 23:48,1,TYLSC3JKidf2ijqLa,TYLSC3JKidf2ijqLa,1,3,5,4,1,2,2,4,4,4,2,4,2
R_3M0x8TZlusdQbR9,2016-03-11 6:00,2016-03-11 6:01,1,SJfYbZhnHTBay5yyX,SJfYbZhnHTBay5yyX,1,2,5,5,1,2,1,2,2,2,4,4,2
R_2rudbJVrafVuEuv,2016-03-11 8:22,2016-03-11 8:23,1,7WepedTffMwj4827y,7WepedTffMwj4827y,1,4,3,2,1,4,4,4,3,4,2,5,2
R_3g5kAxqnTwRrNY9,2016-03-11 8:44,2016-03-11 8:45,1,L9LpdeQFGzvFngGYS,L9LpdeQFGzvFngGYS,1,3,5,3,1,2,2,3,2,4,2,4,4
R_1DNAQTx4XbUXCwF,2016-03-11 8:55,2016-03-11 8:56,1,L9LpdeQFGzvFngGYS,L9LpdeQFGzvFngGYS,1,3,4,3,1,2,2,3,2,4,2,4,4
R_2XhrxIWy3mJLLHZ,2016-03-11 10:42,2016-03-11 10:43,1,Af6EwezJnoFReEpua,Af6EwezJnoFReEpua,1,2,1,1,1,5,5,1,2,5,5,5,2
R_VXz8zk9Gz3pqN1L,2016-03-11 10:57,2016-03-11 11:05,1,5eAZsM6sSPgLp2AGc,5eAZsM6sSPgLp2AGc,1,3,3,2,1,4,3,4,2,4,4,2,3
R_2VCJfBFUm7KSXzy,2016-03-11 11:12,2016-03-11 11:13,1,NvQHkQfCNThsLfjfy,NvQHkQfCNThsLfjfy,1,4,4,4,1,2,2,2,2,4,2,2,4
R_32OWvrjEBPD2CPS,2016-03-11 11:28,2016-03-11 11:29,1,ShADd3RgtYRfwa2MZ,ShADd3RgtYRfwa2MZ,1,3,4,3,1,4,2,4,4,4,5,5,4
R_ysZsbkg1Ew5bYNb,2016-03-11 11:35,2016-03-11 11:35,1,BNHYtgF3y6oE5Z7KQ,BNHYtgF3y6oE5Z7KQ,1,3,3,3,1,2,2,1,1,2,1,2,3
R_2VsdJnVozcHr2JV,2016-03-11 12:11,2016-03-11 12:12,1,wGaSKjvm4o49LhLrg,wGaSKjvm4o49LhLrg,1,3,3,4,1,2,2,2,2,2,5,4,2
R_AuIjP8gQ2fAkAiB,2016-03-11 12:16,2016-03-11 12:17,1,oWHGBei3dY4SjyLpw,oWHGBei3dY4SjyLpw,1,3,4,3,1,2,2,2,2,2,3,4,2
R_3qrj6PkOTxtMLWI,2016-03-11 12:30,2016-03-11 12:31,1,XsvK4NT3Nh5wjR8En,XsvK4NT3Nh5wjR8En,1,3,4,3,1,1,1,2,1,2,4,2,1
R_2ri1EHFy6dwk4KK,2016-03-11 12:47,2016-03-11 12:47,1,DE4yEJwaXQHEzKcQa,DE4yEJwaXQHEzKcQa,1,3,4,3,1,2,2,2,2,2,4,2,2
R_1g8G9V6PXAujnRu,2016-03-11 12:50,2016-03-11 12:51,1,bWNtxPkGd8xNqDf2H,bWNtxPkGd8xNqDf2H,1,2,5,4,1,2,1,2,1,2,4,3,2
R_uziFxxjpqp6vmjn,2016-03-11 12:57,2016-03-11 12:58,1,5myTGNQJvs2WKRHzh,5myTGNQJvs2WKRHzh,1,2,5,5,1,1,1,4,3,3,5,2,3
R_32W7Tca4aAnDQp8,2016-03-11 13:01,2016-03-11 13:02,1,TRHpDyjtFJ4Bf98dL,TRHpDyjtFJ4Bf98dL,1,2,5,5,1,2,1,2,2,1,3,2,2
R_2TouAQNYUHAYS4Z,2016-03-11 13:08,2016-03-11 13:09,1,5myTGNQJvs2WKRHzh,5myTGNQJvs2WKRHzh,1,2,5,5,1,1,1,3,3,2,5,2,2
R_07KqeCXBrb7Ao7f,2016-03-11 13:23,2016-03-11 13:23,1,udy3MprwBQ5HiyMCT,udy3MprwBQ5HiyMCT,1,3,5,5,1,3,3,1,1,2,4,4,3
R_1isMmHBteERPmAI,2016-03-11 14:48,2016-03-11 14:48,1,LcANkd9aNJ5k5m36D,LcANkd9aNJ5k5m36D,1,4,3,2,1,2,2,4,5,4,5,4,1
R_3s5D5fGcFZm1MHJ,2016-03-11 16:21,2016-03-11 16:22,1,pJmeMQeWgG5t6W9qP,pJmeMQeWgG5t6W9qP,1,2,5,5,1,2,1,1,1,2,5,2,5
R_2Tq4Ab7USx6Uzmc,2016-03-11 16:37,2016-03-11 16:38,1,btruDZRTdLHpSMw8Z,btruDZRTdLHpSMw8Z,1,2,5,5,1,1,1,1,1,1,4,2,3
R_3LisZ6YuF7OJvq4,2016-03-11 17:00,2016-03-11 17:00,1,65rkkh9mvCWJswXdW,65rkkh9mvCWJswXdW,1,3,4,3,1,2,2,2,2,4,3,4,2
R_2rq4YLuBu9nDorI,2016-03-11 19:03,2016-03-11 19:04,1,eCXK2ArfS3criAJTB,eCXK2ArfS3criAJTB,1,3,5,3,1,3,3,2,2,4,4,3,2
R_z2zsqx8Sg8ZMe3f,2016-03-11 19:21,2016-03-11 19:22,1,JYCXAYdtPkWscrdLB,JYCXAYdtPkWscrdLB,1,2,5,5,1,2,2,2,2,2,2,4,2
R_Wj4wMfPTeMP9c9b,2016-03-11 19:34,2016-03-11 19:34,1,e3qn8csAYTbHfMxkK,e3qn8csAYTbHfMxkK,1,3,2,2,1,3,2,1,2,4,5,2,3
R_1lovX9RpkpNUI5R,2016-03-11 19:36,2016-03-11 19:37,1,47GQnCY9tKY6QcziM,47GQnCY9tKY6QcziM,1,3,1,1,1,4,4,1,1,4,4,2,4
R_30nSDGF9ZCtodcj,2016-03-11 20:09,2016-03-11 20:10,1,sffrXtuXr5TiAB4mp,sffrXtuXr5TiAB4mp,1,3,4,3,1,3,2,2,2,3,2,2,3
R_2e3ZfczacAV8gmS,2016-03-11 20:25,2016-03-11 20:26,1,JSbt6gZfMo7joBzGv,JSbt6gZfMo7joBzGv,1,3,3,2,1,3,2,2,2,4,2,4,4
R_31MAst9OBGdzBB5,2016-03-11 20:34,2016-03-11 20:34,1,r7ouGiTYscdMz7S96,r7ouGiTYscdMz7S96,1,5,2,2,1,4,4,1,2,5,2,1,3
R_3UHgXo06PEIyT4d,2016-03-11 21:32,2016-03-11 21:33,1,tDQkgwFiLneeqykeP,tDQkgwFiLneeqykeP,1,3,4,3,1,2,2,3,1,4,3,2,2
R_10v1YDIrsqr9izv,2016-03-11 21:48,2016-03-11 21:48,1,uaKgcq3eKvpoHhiRp,uaKgcq3eKvpoHhiRp,1,4,4,4,1,3,2,3,2,4,4,4,2
R_2z6yX5oX9ZA0CWX,2016-03-11 22:48,2016-03-11 22:48,1,DJkv5Fv9S4kWNyB3h,DJkv5Fv9S4kWNyB3h,1,3,5,1,1,2,2,2,1,4,2,4,2
R_1rBb2Ykb3xvLjaw,2016-03-11 23:29,2016-03-11 23:29,1,8LxJGcCiZ4Qc6jQuJ,8LxJGcCiZ4Qc6jQuJ,1,4,2,1,1,3,4,4,4,4,2,4,2
R_3qxrAjkH3M0DOS0,2016-03-11 23:41,2016-03-11 23:42,1,Qqh6muXhTuf3GrNiT,Qqh6muXhTuf3GrNiT,1,3,4,3,1,2,2,2,1,2,2,1,2
R_xtGwh6gUlzdhCiR,2016-03-11 23:42,2016-03-11 23:43,1,2uka6dm2y2BiZJ2zv,2uka6dm2y2BiZJ2zv,1,1,5,5,1,2,2,3,1,3,4,3,2
R_2veuNRvR5SOAt2S,2016-03-12 1:08,2016-03-12 1:09,1,cSZYtAZP8JYGj5YJm,cSZYtAZP8JYGj5YJm,1,3,4,4,1,2,2,2,2,3,4,2,2
R_AgrZn9DV00cI7GF,2016-03-12 1:26,2016-03-12 1:27,1,uSMjBeZWWWbr389eX,uSMjBeZWWWbr389eX,1,2,5,4,1,2,1,1,1,1,4,2,1
R_10Nn6vaW4Ds75pX,2016-03-12 4:08,2016-03-12 4:08,1,e39vqG226v3BajR5r,e39vqG226v3BajR5r,1,3,3,4,1,2,2,2,1,4,4,2,4
R_4O9umi6w2dsVSMl,2016-03-12 7:02,2016-03-12 7:02,1,9ywHQR3mBPMwFxoz9,9ywHQR3mBPMwFxoz9,1,4,3,3,1,2,2,1,2,4,4,2,2
R_12fBicHE4GJloT0,2016-03-12 7:58,2016-03-12 7:59,1,CBqTRZWRzXAgfN9Yy,CBqTRZWRzXAgfN9Yy,1,4,5,5,1,2,2,2,2,3,3,4,2
R_YbPVud8AETcg6Vb,2016-03-12 11:28,2016-03-12 11:29,1,AQxTawn2raLNgqZ3P,AQxTawn2raLNgqZ3P,1,3,5,4,1,1,1,1,1,4,2,4,3
R_1GB5LuNoX5gblBA,2016-03-12 11:33,2016-03-12 11:34,1,ZNHoLFfThXn3dxpiE,ZNHoLFfThXn3dxpiE,1,2,5,5,1,1,1,2,1,3,5,4,1
R_1K9EVSscud5Vsqa,2016-03-12 11:59,2016-03-12 12:00,1,Ny9gao85Xj9EsukBG,Ny9gao85Xj9EsukBG,1,3,5,5,1,1,1,2,1,4,5,3,1
R_3iX91MNLPGbYk5z,2016-03-12 16:11,2016-03-12 16:12,1,veJrsxDb3LXrES4xG,veJrsxDb3LXrES4xG,1,3,2,4,1,2,1,1,1,2,2,1,1
R_ZDytdRUYuXTtjP3,2016-03-12 17:31,2016-03-12 17:34,1,KtmBDbHyRWmxF3pSe,KtmBDbHyRWmxF3pSe,1,3,5,4,1,2,2,1,1,2,5,2,3
R_1pKUl6u3vTQd4li,2016-03-12 18:03,2016-03-12 18:04,1,sXZRJJZZ4ukn5Rhsa,sXZRJJZZ4ukn5Rhsa,1,3,3,2,1,3,2,3,3,2,2,2,5
R_1H1wkgTrcC7wnf0,2016-03-12 20:59,2016-03-12 21:00,1,P3KQ9YkjZxt4RLM8n,P3KQ9YkjZxt4RLM8n,1,3,4,4,1,2,2,2,1,2,3,2,3
R_10N7aSoVjqqCOwC,2016-03-13 1:38,2016-03-13 1:38,1,q7T5qjCJmLKiFDM7B,q7T5qjCJmLKiFDM7B,1,2,5,5,1,2,3,2,1,2,4,3,3
R_31tuPC5XndKkZaM,2016-03-13 14:41,2016-03-13 14:41,1,sRnsZm6AXGfuFXaBL,sRnsZm6AXGfuFXaBL,1,5,1,1,1,3,5,5,5,5,1,5,1
R_25FvJcqBsfbnRVK,2016-03-13 19:02,2016-03-13 19:02,1,qSx3DCWftYj2wsCyv,qSx3DCWftYj2wsCyv,1,4,3,3,1,4,4,2,3,2,3,3,2
R_3fw33YXEl8RFTc9,2016-03-14 14:18,2016-03-14 14:19,1,Wsfum3agWhXQX8CXx,Wsfum3agWhXQX8CXx,1,2,4,4,1,2,2,4,2,4,4,4,2
R_2qlY66STkEVwlqQ,2016-03-14 15:26,2016-03-14 15:27,1,naXyBAkcHQnvmWAq2,naXyBAkcHQnvmWAq2,1,4,3,3,1,3,3,3,2,3,2,3,3
R_120kvHBSVZG67mX,2016-03-14 21:52,2016-03-14 21:52,1,NEBKBc4v4z22JjHsM,NEBKBc4v4z22JjHsM,1,3,5,5,1,3,1,4,1,3,4,4,1
R_1OqJP2KKDgc6KQP,2016-03-15 9:34,2016-03-15 9:35,1,XjQr98bXFF7M3ndcy,XjQr98bXFF7M3ndcy,1,3,1,1,1,4,3,3,3,4,5,3,3
R_0VQglKTxODyfHR7,2016-03-15 14:45,2016-03-15 14:45,1,9et3SfHGXPybDEQvA,9et3SfHGXPybDEQvA,1,4,3,3,1,3,2,2,2,4,1,2,3
R_0dk26MOC26SW1oJ,2016-03-15 18:27,2016-03-15 18:28,1,MYDbh5c4b3ziMKmbt,MYDbh5c4b3ziMKmbt,1,3,3,3,1,2,2,2,2,2,2,4,2
R_1o6zamFwsc9Sqwi,2016-03-15 19:39,2016-03-15 19:40,1,YtSdEqNJzaQeCopij,YtSdEqNJzaQeCopij,1,2,5,4,1,1,2,2,2,2,3,3,2
R_dnUBNLA6uRTFWdX,2016-03-16 3:38,2016-03-16 3:38,1,dC92XDi5WvMMhu33h,dC92XDi5WvMMhu33h,1,4,5,5,1,2,2,3,3,4,2,4,2
R_2rvBgXqLYCB72wa,2016-03-16 7:50,2016-03-16 7:51,1,TmShwF9bwp277DCmb,TmShwF9bwp277DCmb,1,3,4,4,1,2,2,2,1,2,3,2,4
R_3MGn6I62aTQ1nZI,2016-03-16 11:39,2016-03-16 11:40,1,qifugRh7PhFJPpCmX,qifugRh7PhFJPpCmX,1,3,1,1,1,3,2,4,2,2,2,4,2
R_1lsqNOSJHHQNsI2,2016-03-16 18:03,2016-03-16 18:04,1,DjhvjjCAx4ASj2o8R,DjhvjjCAx4ASj2o8R,1,3,3,3,1,3,2,2,2,4,2,3,2
R_3qUMeOI7u0jgV2C,2016-03-17 21:10,2016-03-17 21:12,1,L4YKzb3s57NWd6NAv,L4YKzb3s57NWd6NAv,1,3,4,3,1,2,2,2,2,3,4,3,2
